sub,n,ROI,region,conscious_state_source,conscious_state_target,ROC AUC,Effect size,Confidence interval,p value,Corrected p value,x_order
sub-01,2024,Pericalcarine cortex,Visual,conscious,conscious,0.53 $\pm$ 0.23,0.13494094289178873,"[0.521,0.541]",9.99990000099999e-06,0.001079989200107999,0
sub-01,2024,Lingual,Visual,conscious,conscious,0.61 $\pm$ 0.22,0.500071795390335,"[0.600,0.619]",9.99990000099999e-06,0.001079989200107999,1
sub-01,2024,Lateral occipital cortex,Visual,conscious,conscious,0.85 $\pm$ 0.18,1.923070285530149,"[0.845,0.861]",9.99990000099999e-06,0.001079989200107999,2
sub-01,2024,Fusiform gyrus,Visual,conscious,conscious,0.85 $\pm$ 0.18,1.973911334089029,"[0.842,0.858]",9.99990000099999e-06,0.001079989200107999,3
sub-01,2024,Inferior temporal lobe,Visual,conscious,conscious,0.73 $\pm$ 0.20,1.160115203436196,"[0.726,0.744]",9.99990000099999e-06,0.001079989200107999,4
sub-01,2024,Parahippocampal gyrus,Visual,conscious,conscious,0.66 $\pm$ 0.22,0.7243716601735752,"[0.648,0.666]",9.99990000099999e-06,0.001079989200107999,5
sub-01,2024,Precuneus,Visual,conscious,conscious,0.60 $\pm$ 0.23,0.4349567937692591,"[0.589,0.608]",9.99990000099999e-06,0.001079989200107999,6
sub-01,2024,Inferior parietal lobe,Visual,conscious,conscious,0.75 $\pm$ 0.20,1.2964556419824067,"[0.744,0.761]",9.99990000099999e-06,0.001079989200107999,8
sub-01,2304,Pericalcarine cortex,Visual,conscious,unconscious,0.53 $\pm$ 0.16,0.17351007029650536,"[0.521,0.535]",9.99990000099999e-06,0.001079989200107999,0
sub-01,2304,Lingual,Visual,conscious,unconscious,0.56 $\pm$ 0.18,0.32751518942576807,"[0.551,0.566]",9.99990000099999e-06,0.001079989200107999,1
sub-01,2304,Lateral occipital cortex,Visual,conscious,unconscious,0.61 $\pm$ 0.17,0.6797714101702207,"[0.605,0.619]",9.99990000099999e-06,0.001079989200107999,2
sub-01,2304,Fusiform gyrus,Visual,conscious,unconscious,0.60 $\pm$ 0.17,0.5733422645060172,"[0.588,0.602]",9.99990000099999e-06,0.001079989200107999,3
sub-01,2304,Inferior temporal lobe,Visual,conscious,unconscious,0.53 $\pm$ 0.15,0.21122398947446136,"[0.526,0.539]",9.99990000099999e-06,0.001079989200107999,4
sub-01,2304,Parahippocampal gyrus,Visual,conscious,unconscious,0.53 $\pm$ 0.15,0.18344133881178304,"[0.522,0.535]",9.99990000099999e-06,0.001079989200107999,5
sub-01,2304,Precuneus,Visual,conscious,unconscious,0.55 $\pm$ 0.16,0.3188023710183572,"[0.545,0.558]",9.99990000099999e-06,0.001079989200107999,6
sub-01,2304,Inferior parietal lobe,Visual,conscious,unconscious,0.54 $\pm$ 0.17,0.2106775563251137,"[0.528,0.542]",9.99990000099999e-06,0.001079989200107999,8
sub-01,2304,Pericalcarine cortex,Visual,unconscious,unconscious,0.51 $\pm$ 0.17,0.07772446544060053,"[0.506,0.521]",0.0001199988000119,0.0129598704012852,0
sub-01,2304,Lingual,Visual,unconscious,unconscious,0.51 $\pm$ 0.16,0.0622010031700073,"[0.503,0.516]",0.0013899861001389,0.1501184988150012,1
sub-01,2304,Lateral occipital cortex,Visual,unconscious,unconscious,0.52 $\pm$ 0.16,0.15356610131423798,"[0.518,0.531]",9.99990000099999e-06,0.001079989200107999,2
sub-01,2304,Fusiform gyrus,Visual,unconscious,unconscious,0.56 $\pm$ 0.14,0.43427656889856925,"[0.554,0.565]",9.99990000099999e-06,0.001079989200107999,3
sub-01,2304,Inferior temporal lobe,Visual,unconscious,unconscious,0.54 $\pm$ 0.16,0.24914046934670658,"[0.533,0.546]",9.99990000099999e-06,0.001079989200107999,4
sub-01,2304,Parahippocampal gyrus,Visual,unconscious,unconscious,0.49 $\pm$ 0.15,-0.03778006415544707,"[0.488,0.500]",0.964780352196478,1.0,5
sub-01,2304,Precuneus,Visual,unconscious,unconscious,0.49 $\pm$ 0.18,-0.048498795657762446,"[0.484,0.499]",0.989670103298967,1.0,6
sub-01,2304,Inferior parietal lobe,Visual,unconscious,unconscious,0.49 $\pm$ 0.16,-0.03178782758821402,"[0.488,0.501]",0.9354106458935412,1.0,8
sub-01,2024,Superior parietal gyrus,Working Memory,conscious,conscious,0.69 $\pm$ 0.21,0.8895294442596482,"[0.681,0.700]",9.99990000099999e-06,0.001079989200107999,7
sub-01,2024,Superior frontal gyrus,Working Memory,conscious,conscious,0.58 $\pm$ 0.23,0.33604219021366827,"[0.567,0.587]",9.99990000099999e-06,0.001079989200107999,9
sub-01,2024,Middle fontal gyrus,Working Memory,conscious,conscious,0.52 $\pm$ 0.26,0.07715427944640905,"[0.509,0.531]",0.0003999960000399,0.0431995680043092,10
sub-01,2024,Inferior frontal gyrus,Working Memory,conscious,conscious,0.74 $\pm$ 0.22,1.1140354780537973,"[0.733,0.752]",9.99990000099999e-06,0.001079989200107999,11
sub-01,2304,Superior parietal gyrus,Working Memory,conscious,unconscious,0.54 $\pm$ 0.16,0.2460604326425977,"[0.533,0.547]",9.99990000099999e-06,0.001079989200107999,7
sub-01,2304,Superior frontal gyrus,Working Memory,conscious,unconscious,0.51 $\pm$ 0.15,0.04801540075195641,"[0.501,0.514]",0.0108198918010819,1.0,9
sub-01,2304,Middle fontal gyrus,Working Memory,conscious,unconscious,0.53 $\pm$ 0.13,0.25842240036679653,"[0.529,0.539]",9.99990000099999e-06,0.001079989200107999,10
sub-01,2304,Inferior frontal gyrus,Working Memory,conscious,unconscious,0.54 $\pm$ 0.15,0.28050402829488197,"[0.536,0.549]",9.99990000099999e-06,0.001079989200107999,11
sub-01,2304,Superior parietal gyrus,Working Memory,unconscious,unconscious,0.45 $\pm$ 0.16,-0.3124759343299797,"[0.445,0.458]",1.0,1.0,7
sub-01,2304,Superior frontal gyrus,Working Memory,unconscious,unconscious,0.54 $\pm$ 0.14,0.3080925951855308,"[0.539,0.551]",9.99990000099999e-06,0.001079989200107999,9
sub-01,2304,Middle fontal gyrus,Working Memory,unconscious,unconscious,0.55 $\pm$ 0.14,0.34250028312548486,"[0.543,0.555]",9.99990000099999e-06,0.001079989200107999,10
sub-01,2304,Inferior frontal gyrus,Working Memory,unconscious,unconscious,0.51 $\pm$ 0.15,0.060870033667967276,"[0.503,0.515]",0.0020399796002039,0.22031779682202118,11
sub-02,2024,Pericalcarine cortex,Visual,conscious,conscious,0.54 $\pm$ 0.27,0.15098709649452138,"[0.529,0.553]",9.99990000099999e-06,0.001079989200107999,0
sub-02,2024,Lingual,Visual,conscious,conscious,0.60 $\pm$ 0.29,0.3520803528948458,"[0.589,0.615]",9.99990000099999e-06,0.001079989200107999,1
sub-02,2024,Lateral occipital cortex,Visual,conscious,conscious,0.79 $\pm$ 0.23,1.2683308846937427,"[0.777,0.796]",9.99990000099999e-06,0.001079989200107999,2
sub-02,2024,Fusiform gyrus,Visual,conscious,conscious,0.71 $\pm$ 0.28,0.7434964964960014,"[0.695,0.720]",9.99990000099999e-06,0.001079989200107999,3
sub-02,2024,Inferior temporal lobe,Visual,conscious,conscious,0.61 $\pm$ 0.33,0.34060620264105596,"[0.598,0.627]",9.99990000099999e-06,0.001079989200107999,4
sub-02,2024,Parahippocampal gyrus,Visual,conscious,conscious,0.60 $\pm$ 0.30,0.3205521694545762,"[0.582,0.608]",9.99990000099999e-06,0.001079989200107999,5
sub-02,2024,Precuneus,Visual,conscious,conscious,0.49 $\pm$ 0.30,-0.02992993919863179,"[0.478,0.504]",0.909860901390986,1.0,6
sub-02,2024,Inferior parietal lobe,Visual,conscious,conscious,0.56 $\pm$ 0.32,0.19736487625257615,"[0.549,0.576]",9.99990000099999e-06,0.001079989200107999,8
sub-02,2304,Pericalcarine cortex,Visual,conscious,unconscious,0.49 $\pm$ 0.20,-0.027556209656552085,"[0.487,0.503]",0.9085109148908512,1.0,0
sub-02,2304,Lingual,Visual,conscious,unconscious,0.54 $\pm$ 0.21,0.17562313627160875,"[0.528,0.545]",9.99990000099999e-06,0.001079989200107999,1
sub-02,2304,Lateral occipital cortex,Visual,conscious,unconscious,0.55 $\pm$ 0.20,0.25925293244004394,"[0.545,0.561]",9.99990000099999e-06,0.001079989200107999,2
sub-02,2304,Fusiform gyrus,Visual,conscious,unconscious,0.54 $\pm$ 0.20,0.22315797097557533,"[0.536,0.552]",9.99990000099999e-06,0.001079989200107999,3
sub-02,2304,Inferior temporal lobe,Visual,conscious,unconscious,0.52 $\pm$ 0.19,0.08073866670168929,"[0.508,0.523]",3.999960000399996e-05,0.004319956800431996,4
sub-02,2304,Parahippocampal gyrus,Visual,conscious,unconscious,0.49 $\pm$ 0.19,-0.03765378051459482,"[0.485,0.501]",0.9641903580964192,1.0,5
sub-02,2304,Precuneus,Visual,conscious,unconscious,0.53 $\pm$ 0.18,0.136502399058924,"[0.518,0.533]",9.99990000099999e-06,0.001079989200107999,6
sub-02,2304,Inferior parietal lobe,Visual,conscious,unconscious,0.53 $\pm$ 0.19,0.1341476983145338,"[0.517,0.533]",9.99990000099999e-06,0.001079989200107999,8
sub-02,2304,Pericalcarine cortex,Visual,unconscious,unconscious,0.51 $\pm$ 0.19,0.06603831366398548,"[0.505,0.520]",0.0007499925000749,0.0809991900080892,0
sub-02,2304,Lingual,Visual,unconscious,unconscious,0.55 $\pm$ 0.20,0.2450685362855087,"[0.540,0.556]",9.99990000099999e-06,0.001079989200107999,1
sub-02,2304,Lateral occipital cortex,Visual,unconscious,unconscious,0.49 $\pm$ 0.19,-0.03537528507701556,"[0.486,0.501]",0.953280467195328,1.0,2
sub-02,2304,Fusiform gyrus,Visual,unconscious,unconscious,0.53 $\pm$ 0.20,0.16860806553988586,"[0.526,0.543]",9.99990000099999e-06,0.001079989200107999,3
sub-02,2304,Inferior temporal lobe,Visual,unconscious,unconscious,0.51 $\pm$ 0.19,0.06549564660587696,"[0.505,0.520]",0.0010899891001089,0.11771882281176121,4
sub-02,2304,Parahippocampal gyrus,Visual,unconscious,unconscious,0.55 $\pm$ 0.19,0.2398793507046331,"[0.538,0.553]",9.99990000099999e-06,0.001079989200107999,5
sub-02,2304,Precuneus,Visual,unconscious,unconscious,0.52 $\pm$ 0.18,0.12992539787527144,"[0.516,0.531]",9.99990000099999e-06,0.001079989200107999,6
sub-02,2304,Inferior parietal lobe,Visual,unconscious,unconscious,0.51 $\pm$ 0.20,0.05911518253216079,"[0.504,0.520]",0.0023499765002349,0.25379746202536924,8
sub-02,2024,Superior parietal gyrus,Working Memory,conscious,conscious,0.63 $\pm$ 0.30,0.4199097188238,"[0.613,0.639]",9.99990000099999e-06,0.001079989200107999,7
sub-02,2024,Superior frontal gyrus,Working Memory,conscious,conscious,0.55 $\pm$ 0.29,0.19076417776632562,"[0.542,0.567]",9.99990000099999e-06,0.001079989200107999,9
sub-02,2024,Middle fontal gyrus,Working Memory,conscious,conscious,0.53 $\pm$ 0.32,0.0785099813019216,"[0.511,0.540]",0.0002199978000219,0.0237597624023652,10
sub-02,2024,Inferior frontal gyrus,Working Memory,conscious,conscious,0.61 $\pm$ 0.29,0.36312418985415384,"[0.594,0.620]",9.99990000099999e-06,0.001079989200107999,11
sub-02,2304,Superior parietal gyrus,Working Memory,conscious,unconscious,0.53 $\pm$ 0.18,0.15564034898669135,"[0.521,0.536]",9.99990000099999e-06,0.001079989200107999,7
sub-02,2304,Superior frontal gyrus,Working Memory,conscious,unconscious,0.50 $\pm$ 0.19,-0.003179539742332881,"[0.492,0.507]",0.5606543934560655,1.0,9
sub-02,2304,Middle fontal gyrus,Working Memory,conscious,unconscious,0.50 $\pm$ 0.18,-0.022236735148195384,"[0.488,0.503]",0.8598914010859892,1.0,10
sub-02,2304,Inferior frontal gyrus,Working Memory,conscious,unconscious,0.49 $\pm$ 0.20,-0.06852617068180637,"[0.478,0.494]",0.999490005099949,1.0,11
sub-02,2304,Superior parietal gyrus,Working Memory,unconscious,unconscious,0.51 $\pm$ 0.21,0.02547006122148578,"[0.497,0.514]",0.1107388926110738,1.0,7
sub-02,2304,Superior frontal gyrus,Working Memory,unconscious,unconscious,0.51 $\pm$ 0.17,0.06185713704345262,"[0.504,0.517]",0.0014299857001429,0.1544384556154332,9
sub-02,2304,Middle fontal gyrus,Working Memory,unconscious,unconscious,0.55 $\pm$ 0.18,0.2619318391370669,"[0.540,0.554]",9.99990000099999e-06,0.001079989200107999,10
sub-02,2304,Inferior frontal gyrus,Working Memory,unconscious,unconscious,0.52 $\pm$ 0.19,0.08567682683597143,"[0.509,0.524]",2.999970000299997e-05,0.003239967600323997,11
sub-03,1892,Pericalcarine cortex,Visual,conscious,conscious,0.59 $\pm$ 0.26,0.32788589066450385,"[0.573,0.597]",9.99990000099999e-06,0.001079989200107999,0
sub-03,1892,Lingual,Visual,conscious,conscious,0.59 $\pm$ 0.29,0.3277809777778423,"[0.582,0.608]",9.99990000099999e-06,0.001079989200107999,1
sub-03,1892,Lateral occipital cortex,Visual,conscious,conscious,0.72 $\pm$ 0.26,0.8372812062120689,"[0.704,0.727]",9.99990000099999e-06,0.001079989200107999,2
sub-03,1892,Fusiform gyrus,Visual,conscious,conscious,0.76 $\pm$ 0.25,1.0369386359559711,"[0.745,0.767]",9.99990000099999e-06,0.001079989200107999,3
sub-03,1892,Inferior temporal lobe,Visual,conscious,conscious,0.65 $\pm$ 0.28,0.5287005788202965,"[0.633,0.658]",9.99990000099999e-06,0.001079989200107999,4
sub-03,1892,Parahippocampal gyrus,Visual,conscious,conscious,0.53 $\pm$ 0.27,0.11986035131592371,"[0.520,0.545]",9.99990000099999e-06,0.001079989200107999,5
sub-03,1892,Precuneus,Visual,conscious,conscious,0.53 $\pm$ 0.27,0.12048093383725333,"[0.520,0.545]",9.99990000099999e-06,0.001079989200107999,6
sub-03,1892,Inferior parietal lobe,Visual,conscious,conscious,0.74 $\pm$ 0.23,1.0422749681769474,"[0.734,0.755]",9.99990000099999e-06,0.001079989200107999,8
sub-03,2304,Pericalcarine cortex,Visual,conscious,unconscious,0.51 $\pm$ 0.17,0.07098482380815262,"[0.505,0.519]",0.0002599974000259,0.0280797192027972,0
sub-03,2304,Lingual,Visual,conscious,unconscious,0.51 $\pm$ 0.16,0.037416250387985066,"[0.499,0.513]",0.0363696363036369,1.0,1
sub-03,2304,Lateral occipital cortex,Visual,conscious,unconscious,0.54 $\pm$ 0.17,0.2613272145700666,"[0.537,0.551]",9.99990000099999e-06,0.001079989200107999,2
sub-03,2304,Fusiform gyrus,Visual,conscious,unconscious,0.56 $\pm$ 0.16,0.34794535131553755,"[0.550,0.564]",9.99990000099999e-06,0.001079989200107999,3
sub-03,2304,Inferior temporal lobe,Visual,conscious,unconscious,0.55 $\pm$ 0.17,0.28976449261294274,"[0.541,0.555]",9.99990000099999e-06,0.001079989200107999,4
sub-03,2304,Parahippocampal gyrus,Visual,conscious,unconscious,0.50 $\pm$ 0.17,-0.00941919756316258,"[0.492,0.505]",0.6759132408675913,1.0,5
sub-03,2304,Precuneus,Visual,conscious,unconscious,0.53 $\pm$ 0.16,0.16917636605765357,"[0.521,0.534]",9.99990000099999e-06,0.001079989200107999,6
sub-03,2304,Inferior parietal lobe,Visual,conscious,unconscious,0.54 $\pm$ 0.16,0.22534752726721366,"[0.529,0.542]",9.99990000099999e-06,0.001079989200107999,8
sub-03,2304,Pericalcarine cortex,Visual,unconscious,unconscious,0.48 $\pm$ 0.16,-0.11849571958274102,"[0.475,0.488]",1.0,1.0,0
sub-03,2304,Lingual,Visual,unconscious,unconscious,0.49 $\pm$ 0.17,-0.08739287303406318,"[0.478,0.492]",0.999990000099999,1.0,1
sub-03,2304,Lateral occipital cortex,Visual,unconscious,unconscious,0.53 $\pm$ 0.17,0.14635349125205108,"[0.518,0.533]",9.99990000099999e-06,0.001079989200107999,2
sub-03,2304,Fusiform gyrus,Visual,unconscious,unconscious,0.54 $\pm$ 0.16,0.22809832686544215,"[0.530,0.543]",9.99990000099999e-06,0.001079989200107999,3
sub-03,2304,Inferior temporal lobe,Visual,unconscious,unconscious,0.53 $\pm$ 0.17,0.17134485356076729,"[0.522,0.536]",9.99990000099999e-06,0.001079989200107999,4
sub-03,2304,Parahippocampal gyrus,Visual,unconscious,unconscious,0.51 $\pm$ 0.16,0.0377222071177904,"[0.500,0.513]",0.0340996590034099,1.0,5
sub-03,2304,Precuneus,Visual,unconscious,unconscious,0.53 $\pm$ 0.16,0.15570511101833892,"[0.519,0.532]",9.99990000099999e-06,0.001079989200107999,6
sub-03,2304,Inferior parietal lobe,Visual,unconscious,unconscious,0.53 $\pm$ 0.18,0.16683398250767145,"[0.522,0.537]",9.99990000099999e-06,0.001079989200107999,8
sub-03,1892,Superior parietal gyrus,Working Memory,conscious,conscious,0.55 $\pm$ 0.28,0.18765631101785146,"[0.541,0.566]",9.99990000099999e-06,0.001079989200107999,7
sub-03,1892,Superior frontal gyrus,Working Memory,conscious,conscious,0.42 $\pm$ 0.30,-0.26133452767352777,"[0.407,0.434]",1.0,1.0,9
sub-03,1892,Middle fontal gyrus,Working Memory,conscious,conscious,0.40 $\pm$ 0.26,-0.38139807843884016,"[0.389,0.412]",1.0,1.0,10
sub-03,1892,Inferior frontal gyrus,Working Memory,conscious,conscious,0.56 $\pm$ 0.27,0.21876459758007635,"[0.547,0.572]",9.99990000099999e-06,0.001079989200107999,11
sub-03,2304,Superior parietal gyrus,Working Memory,conscious,unconscious,0.53 $\pm$ 0.17,0.184360740566526,"[0.525,0.539]",9.99990000099999e-06,0.001079989200107999,7
sub-03,2304,Superior frontal gyrus,Working Memory,conscious,unconscious,0.51 $\pm$ 0.16,0.07310604686611344,"[0.505,0.518]",0.0001999980000199,0.021599784002149198,9
sub-03,2304,Middle fontal gyrus,Working Memory,conscious,unconscious,0.52 $\pm$ 0.17,0.1250818315790509,"[0.514,0.528]",9.99990000099999e-06,0.001079989200107999,10
sub-03,2304,Inferior frontal gyrus,Working Memory,conscious,unconscious,0.52 $\pm$ 0.16,0.14218133587805545,"[0.516,0.529]",9.99990000099999e-06,0.001079989200107999,11
sub-03,2304,Superior parietal gyrus,Working Memory,unconscious,unconscious,0.53 $\pm$ 0.16,0.2034355610722168,"[0.527,0.540]",9.99990000099999e-06,0.001079989200107999,7
sub-03,2304,Superior frontal gyrus,Working Memory,unconscious,unconscious,0.50 $\pm$ 0.19,0.005484772415716261,"[0.493,0.509]",0.3977660223397766,1.0,9
sub-03,2304,Middle fontal gyrus,Working Memory,unconscious,unconscious,0.55 $\pm$ 0.16,0.29596789476466034,"[0.542,0.556]",9.99990000099999e-06,0.001079989200107999,10
sub-03,2304,Inferior frontal gyrus,Working Memory,unconscious,unconscious,0.57 $\pm$ 0.17,0.39624083704238766,"[0.559,0.572]",9.99990000099999e-06,0.001079989200107999,11
sub-04,1066,Pericalcarine cortex,Visual,conscious,conscious,0.44 $\pm$ 0.29,-0.21530632007330697,"[0.421,0.455]",1.0,1.0,0
sub-04,1066,Lingual,Visual,conscious,conscious,0.55 $\pm$ 0.27,0.1836857077024641,"[0.533,0.566]",9.99990000099999e-06,0.001079989200107999,1
sub-04,1066,Lateral occipital cortex,Visual,conscious,conscious,0.75 $\pm$ 0.22,1.1433713394032805,"[0.740,0.766]",9.99990000099999e-06,0.001079989200107999,2
sub-04,1066,Fusiform gyrus,Visual,conscious,conscious,0.83 $\pm$ 0.20,1.6215792645128047,"[0.813,0.838]",9.99990000099999e-06,0.001079989200107999,3
sub-04,1066,Inferior temporal lobe,Visual,conscious,conscious,0.76 $\pm$ 0.23,1.1119671742296704,"[0.745,0.773]",9.99990000099999e-06,0.001079989200107999,4
sub-04,1066,Parahippocampal gyrus,Visual,conscious,conscious,0.61 $\pm$ 0.27,0.39542998447290795,"[0.591,0.624]",9.99990000099999e-06,0.001079989200107999,5
sub-04,1066,Precuneus,Visual,conscious,conscious,0.56 $\pm$ 0.27,0.23786334257183525,"[0.548,0.581]",9.99990000099999e-06,0.001079989200107999,6
sub-04,1066,Inferior parietal lobe,Visual,conscious,conscious,0.67 $\pm$ 0.26,0.6475467554810009,"[0.655,0.686]",9.99990000099999e-06,0.001079989200107999,8
sub-04,2256,Pericalcarine cortex,Visual,conscious,unconscious,0.53 $\pm$ 0.19,0.1706352828143168,"[0.525,0.541]",9.99990000099999e-06,0.001079989200107999,0
sub-04,2256,Lingual,Visual,conscious,unconscious,0.54 $\pm$ 0.20,0.21098567178332223,"[0.534,0.550]",9.99990000099999e-06,0.001079989200107999,1
sub-04,2256,Lateral occipital cortex,Visual,conscious,unconscious,0.54 $\pm$ 0.19,0.19743872520150843,"[0.530,0.546]",9.99990000099999e-06,0.001079989200107999,2
sub-04,2256,Fusiform gyrus,Visual,conscious,unconscious,0.56 $\pm$ 0.20,0.29233980269677323,"[0.550,0.566]",9.99990000099999e-06,0.001079989200107999,3
sub-04,2256,Inferior temporal lobe,Visual,conscious,unconscious,0.53 $\pm$ 0.18,0.15857137110328845,"[0.522,0.537]",9.99990000099999e-06,0.001079989200107999,4
sub-04,2256,Parahippocampal gyrus,Visual,conscious,unconscious,0.56 $\pm$ 0.19,0.3082839011225923,"[0.550,0.565]",9.99990000099999e-06,0.001079989200107999,5
sub-04,2256,Precuneus,Visual,conscious,unconscious,0.52 $\pm$ 0.18,0.11106809239824023,"[0.513,0.528]",9.99990000099999e-06,0.001079989200107999,6
sub-04,2256,Inferior parietal lobe,Visual,conscious,unconscious,0.51 $\pm$ 0.21,0.02720779264235797,"[0.497,0.514]",0.0954090459095409,1.0,8
sub-04,2256,Pericalcarine cortex,Visual,unconscious,unconscious,0.43 $\pm$ 0.19,-0.36582480185191646,"[0.424,0.439]",1.0,1.0,0
sub-04,2256,Lingual,Visual,unconscious,unconscious,0.51 $\pm$ 0.17,0.07485276533906737,"[0.506,0.520]",0.0001499985000149,0.0161998380016092,1
sub-04,2256,Lateral occipital cortex,Visual,unconscious,unconscious,0.55 $\pm$ 0.19,0.2679035787274603,"[0.543,0.558]",9.99990000099999e-06,0.001079989200107999,2
sub-04,2256,Fusiform gyrus,Visual,unconscious,unconscious,0.56 $\pm$ 0.18,0.3255167815699601,"[0.552,0.567]",9.99990000099999e-06,0.001079989200107999,3
sub-04,2256,Inferior temporal lobe,Visual,unconscious,unconscious,0.49 $\pm$ 0.22,-0.040967405143612315,"[0.482,0.500]",0.975220247797522,1.0,4
sub-04,2256,Parahippocampal gyrus,Visual,unconscious,unconscious,0.52 $\pm$ 0.19,0.09165647966861111,"[0.510,0.526]",9.99990000099999e-06,0.001079989200107999,5
sub-04,2256,Precuneus,Visual,unconscious,unconscious,0.45 $\pm$ 0.18,-0.27440902009965884,"[0.442,0.457]",1.0,1.0,6
sub-04,2256,Inferior parietal lobe,Visual,unconscious,unconscious,0.56 $\pm$ 0.20,0.3303846611846635,"[0.557,0.573]",9.99990000099999e-06,0.001079989200107999,8
sub-04,1066,Superior parietal gyrus,Working Memory,conscious,conscious,0.59 $\pm$ 0.28,0.3400744755148553,"[0.578,0.611]",9.99990000099999e-06,0.001079989200107999,7
sub-04,1066,Superior frontal gyrus,Working Memory,conscious,conscious,0.52 $\pm$ 0.28,0.06355157886457509,"[0.501,0.534]",0.0183598164018359,1.0,9
sub-04,1066,Middle fontal gyrus,Working Memory,conscious,conscious,0.44 $\pm$ 0.28,-0.2023807130427492,"[0.427,0.460]",1.0,1.0,10
sub-04,1066,Inferior frontal gyrus,Working Memory,conscious,conscious,0.54 $\pm$ 0.26,0.13636677370322065,"[0.520,0.552]",9.99990000099999e-06,0.001079989200107999,11
sub-04,2256,Superior parietal gyrus,Working Memory,conscious,unconscious,0.52 $\pm$ 0.18,0.09902623656794353,"[0.511,0.526]",9.99990000099999e-06,0.001079989200107999,7
sub-04,2256,Superior frontal gyrus,Working Memory,conscious,unconscious,0.47 $\pm$ 0.20,-0.13298518061836193,"[0.465,0.482]",1.0,1.0,9
sub-04,2256,Middle fontal gyrus,Working Memory,conscious,unconscious,0.54 $\pm$ 0.19,0.2125698160960073,"[0.532,0.547]",9.99990000099999e-06,0.001079989200107999,10
sub-04,2256,Inferior frontal gyrus,Working Memory,conscious,unconscious,0.49 $\pm$ 0.17,-0.03127135999965767,"[0.488,0.502]",0.932120678793212,1.0,11
sub-04,2256,Superior parietal gyrus,Working Memory,unconscious,unconscious,0.50 $\pm$ 0.20,0.01648882835106165,"[0.495,0.512]",0.2113778862211378,1.0,7
sub-04,2256,Superior frontal gyrus,Working Memory,unconscious,unconscious,0.50 $\pm$ 0.18,-0.01466316997183287,"[0.490,0.505]",0.7560824391756082,1.0,9
sub-04,2256,Middle fontal gyrus,Working Memory,unconscious,unconscious,0.49 $\pm$ 0.20,-0.032569133430430726,"[0.485,0.502]",0.940110598894011,1.0,10
sub-04,2256,Inferior frontal gyrus,Working Memory,unconscious,unconscious,0.53 $\pm$ 0.17,0.17879962395595175,"[0.523,0.537]",9.99990000099999e-06,0.001079989200107999,11
sub-05,1978,Pericalcarine cortex,Visual,conscious,conscious,0.50 $\pm$ 0.25,-0.011906905937847208,"[0.486,0.508]",0.6961930380696193,1.0,0
sub-05,1978,Lingual,Visual,conscious,conscious,0.61 $\pm$ 0.20,0.5291601593954753,"[0.598,0.616]",9.99990000099999e-06,0.001079989200107999,1
sub-05,1978,Lateral occipital cortex,Visual,conscious,conscious,0.83 $\pm$ 0.16,2.0072570109678978,"[0.821,0.836]",9.99990000099999e-06,0.001079989200107999,2
sub-05,1978,Fusiform gyrus,Visual,conscious,conscious,0.84 $\pm$ 0.22,1.5409202029213678,"[0.828,0.847]",9.99990000099999e-06,0.001079989200107999,3
sub-05,1978,Inferior temporal lobe,Visual,conscious,conscious,0.65 $\pm$ 0.25,0.5874504277919392,"[0.634,0.656]",9.99990000099999e-06,0.001079989200107999,4
sub-05,1978,Parahippocampal gyrus,Visual,conscious,conscious,0.74 $\pm$ 0.24,0.9899087338887883,"[0.729,0.751]",9.99990000099999e-06,0.001079989200107999,5
sub-05,1978,Precuneus,Visual,conscious,conscious,0.60 $\pm$ 0.23,0.4201466418929871,"[0.586,0.606]",9.99990000099999e-06,0.001079989200107999,6
sub-05,1978,Inferior parietal lobe,Visual,conscious,conscious,0.78 $\pm$ 0.21,1.332167254933452,"[0.771,0.790]",9.99990000099999e-06,0.001079989200107999,8
sub-05,2304,Pericalcarine cortex,Visual,conscious,unconscious,0.52 $\pm$ 0.20,0.12214568372443721,"[0.516,0.532]",9.99990000099999e-06,0.001079989200107999,0
sub-05,2304,Lingual,Visual,conscious,unconscious,0.57 $\pm$ 0.18,0.37741527339523845,"[0.559,0.574]",9.99990000099999e-06,0.001079989200107999,1
sub-05,2304,Lateral occipital cortex,Visual,conscious,unconscious,0.53 $\pm$ 0.19,0.13594590597115258,"[0.518,0.533]",9.99990000099999e-06,0.001079989200107999,2
sub-05,2304,Fusiform gyrus,Visual,conscious,unconscious,0.57 $\pm$ 0.17,0.3906971049452399,"[0.559,0.573]",9.99990000099999e-06,0.001079989200107999,3
sub-05,2304,Inferior temporal lobe,Visual,conscious,unconscious,0.55 $\pm$ 0.18,0.2577860942967342,"[0.540,0.555]",9.99990000099999e-06,0.001079989200107999,4
sub-05,2304,Parahippocampal gyrus,Visual,conscious,unconscious,0.55 $\pm$ 0.18,0.2996808452269793,"[0.547,0.562]",9.99990000099999e-06,0.001079989200107999,5
sub-05,2304,Precuneus,Visual,conscious,unconscious,0.52 $\pm$ 0.17,0.12095291393803675,"[0.513,0.527]",9.99990000099999e-06,0.001079989200107999,6
sub-05,2304,Inferior parietal lobe,Visual,conscious,unconscious,0.54 $\pm$ 0.17,0.21215188399451462,"[0.529,0.543]",9.99990000099999e-06,0.001079989200107999,8
sub-05,2304,Pericalcarine cortex,Visual,unconscious,unconscious,0.56 $\pm$ 0.15,0.3631006466014329,"[0.550,0.562]",9.99990000099999e-06,0.001079989200107999,0
sub-05,2304,Lingual,Visual,unconscious,unconscious,0.56 $\pm$ 0.19,0.32121738151777784,"[0.554,0.570]",9.99990000099999e-06,0.001079989200107999,1
sub-05,2304,Lateral occipital cortex,Visual,unconscious,unconscious,0.52 $\pm$ 0.18,0.08369450069185418,"[0.508,0.523]",1.999980000199998e-05,0.002159978400215998,2
sub-05,2304,Fusiform gyrus,Visual,unconscious,unconscious,0.52 $\pm$ 0.18,0.12242207416653593,"[0.515,0.530]",9.99990000099999e-06,0.001079989200107999,3
sub-05,2304,Inferior temporal lobe,Visual,unconscious,unconscious,0.48 $\pm$ 0.18,-0.08837300575324512,"[0.476,0.491]",0.999980000199998,1.0,4
sub-05,2304,Parahippocampal gyrus,Visual,unconscious,unconscious,0.53 $\pm$ 0.16,0.20556854436413988,"[0.527,0.540]",9.99990000099999e-06,0.001079989200107999,5
sub-05,2304,Precuneus,Visual,unconscious,unconscious,0.51 $\pm$ 0.17,0.05468163574975432,"[0.502,0.517]",0.0040599594004059,0.43847561524383727,6
sub-05,2304,Inferior parietal lobe,Visual,unconscious,unconscious,0.55 $\pm$ 0.20,0.23997587984002594,"[0.539,0.555]",9.99990000099999e-06,0.001079989200107999,8
sub-05,1978,Superior parietal gyrus,Working Memory,conscious,conscious,0.69 $\pm$ 0.21,0.8821706046652628,"[0.679,0.697]",9.99990000099999e-06,0.001079989200107999,7
sub-05,1978,Superior frontal gyrus,Working Memory,conscious,conscious,0.52 $\pm$ 0.21,0.08821625370602187,"[0.509,0.528]",3.999960000399996e-05,0.004319956800431996,9
sub-05,1978,Middle fontal gyrus,Working Memory,conscious,conscious,0.59 $\pm$ 0.25,0.3561952752608794,"[0.579,0.601]",9.99990000099999e-06,0.001079989200107999,10
sub-05,1978,Inferior frontal gyrus,Working Memory,conscious,conscious,0.70 $\pm$ 0.22,0.9051369206565912,"[0.693,0.712]",9.99990000099999e-06,0.001079989200107999,11
sub-05,2304,Superior parietal gyrus,Working Memory,conscious,unconscious,0.52 $\pm$ 0.19,0.1288169548323581,"[0.517,0.533]",9.99990000099999e-06,0.001079989200107999,7
sub-05,2304,Superior frontal gyrus,Working Memory,conscious,unconscious,0.55 $\pm$ 0.19,0.2535458068925432,"[0.539,0.555]",9.99990000099999e-06,0.001079989200107999,9
sub-05,2304,Middle fontal gyrus,Working Memory,conscious,unconscious,0.54 $\pm$ 0.18,0.2539464176057626,"[0.538,0.552]",9.99990000099999e-06,0.001079989200107999,10
sub-05,2304,Inferior frontal gyrus,Working Memory,conscious,unconscious,0.55 $\pm$ 0.16,0.3357140400879562,"[0.547,0.560]",9.99990000099999e-06,0.001079989200107999,11
sub-05,2304,Superior parietal gyrus,Working Memory,unconscious,unconscious,0.51 $\pm$ 0.20,0.06935067848238599,"[0.506,0.522]",0.0003699963000369,0.0399596004039852,7
sub-05,2304,Superior frontal gyrus,Working Memory,unconscious,unconscious,0.56 $\pm$ 0.17,0.3849207045212003,"[0.558,0.571]",9.99990000099999e-06,0.001079989200107999,9
sub-05,2304,Middle fontal gyrus,Working Memory,unconscious,unconscious,0.52 $\pm$ 0.19,0.09620395450662006,"[0.511,0.527]",9.99990000099999e-06,0.001079989200107999,10
sub-05,2304,Inferior frontal gyrus,Working Memory,unconscious,unconscious,0.53 $\pm$ 0.18,0.18917019161922233,"[0.526,0.541]",9.99990000099999e-06,0.001079989200107999,11
sub-06,2256,Pericalcarine cortex,Visual,conscious,conscious,0.54 $\pm$ 0.19,0.21012631867783085,"[0.532,0.547]",9.99990000099999e-06,0.001079989200107999,0
sub-06,2256,Lingual,Visual,conscious,conscious,0.57 $\pm$ 0.18,0.3967945374220307,"[0.564,0.579]",9.99990000099999e-06,0.001079989200107999,1
sub-06,2256,Lateral occipital cortex,Visual,conscious,conscious,0.68 $\pm$ 0.21,0.8839908760881235,"[0.673,0.690]",9.99990000099999e-06,0.001079989200107999,2
sub-06,2256,Fusiform gyrus,Visual,conscious,conscious,0.65 $\pm$ 0.20,0.7456937626134386,"[0.641,0.657]",9.99990000099999e-06,0.001079989200107999,3
sub-06,2256,Inferior temporal lobe,Visual,conscious,conscious,0.58 $\pm$ 0.20,0.3745161036615432,"[0.568,0.585]",9.99990000099999e-06,0.001079989200107999,4
sub-06,2256,Parahippocampal gyrus,Visual,conscious,conscious,0.55 $\pm$ 0.18,0.27839194263771344,"[0.544,0.559]",9.99990000099999e-06,0.001079989200107999,5
sub-06,2256,Precuneus,Visual,conscious,conscious,0.53 $\pm$ 0.20,0.1503330450987007,"[0.521,0.538]",9.99990000099999e-06,0.001079989200107999,6
sub-06,2256,Inferior parietal lobe,Visual,conscious,conscious,0.61 $\pm$ 0.21,0.519265246905929,"[0.601,0.618]",9.99990000099999e-06,0.001079989200107999,8
sub-06,2304,Pericalcarine cortex,Visual,conscious,unconscious,0.56 $\pm$ 0.16,0.39725222421970674,"[0.557,0.570]",9.99990000099999e-06,0.001079989200107999,0
sub-06,2304,Lingual,Visual,conscious,unconscious,0.55 $\pm$ 0.18,0.3022642129672208,"[0.546,0.560]",9.99990000099999e-06,0.001079989200107999,1
sub-06,2304,Lateral occipital cortex,Visual,conscious,unconscious,0.60 $\pm$ 0.16,0.6367743709862514,"[0.593,0.606]",9.99990000099999e-06,0.001079989200107999,2
sub-06,2304,Fusiform gyrus,Visual,conscious,unconscious,0.56 $\pm$ 0.17,0.3461084517270545,"[0.551,0.564]",9.99990000099999e-06,0.001079989200107999,3
sub-06,2304,Inferior temporal lobe,Visual,conscious,unconscious,0.58 $\pm$ 0.16,0.5410869224856054,"[0.578,0.590]",9.99990000099999e-06,0.001079989200107999,4
sub-06,2304,Parahippocampal gyrus,Visual,conscious,unconscious,0.55 $\pm$ 0.16,0.3011545905542013,"[0.542,0.556]",9.99990000099999e-06,0.001079989200107999,5
sub-06,2304,Precuneus,Visual,conscious,unconscious,0.55 $\pm$ 0.17,0.2872871347620308,"[0.542,0.556]",9.99990000099999e-06,0.001079989200107999,6
sub-06,2304,Inferior parietal lobe,Visual,conscious,unconscious,0.57 $\pm$ 0.16,0.41950323551532465,"[0.561,0.575]",9.99990000099999e-06,0.001079989200107999,8
sub-06,2304,Pericalcarine cortex,Visual,unconscious,unconscious,0.46 $\pm$ 0.16,-0.22368261252287194,"[0.458,0.471]",1.0,1.0,0
sub-06,2304,Lingual,Visual,unconscious,unconscious,0.50 $\pm$ 0.15,0.021621918834605954,"[0.497,0.509]",0.1503984960150398,1.0,1
sub-06,2304,Lateral occipital cortex,Visual,unconscious,unconscious,0.48 $\pm$ 0.17,-0.1250482039302898,"[0.472,0.486]",1.0,1.0,2
sub-06,2304,Fusiform gyrus,Visual,unconscious,unconscious,0.54 $\pm$ 0.15,0.2508593103812684,"[0.532,0.544]",9.99990000099999e-06,0.001079989200107999,3
sub-06,2304,Inferior temporal lobe,Visual,unconscious,unconscious,0.51 $\pm$ 0.17,0.08157955059426632,"[0.507,0.521]",2.999970000299997e-05,0.003239967600323997,4
sub-06,2304,Parahippocampal gyrus,Visual,unconscious,unconscious,0.51 $\pm$ 0.16,0.05528208568632031,"[0.502,0.515]",0.0041399586004139,0.4471155288447012,5
sub-06,2304,Precuneus,Visual,unconscious,unconscious,0.51 $\pm$ 0.16,0.05610876026311585,"[0.502,0.516]",0.0034599654003459,0.3736762632373572,6
sub-06,2304,Inferior parietal lobe,Visual,unconscious,unconscious,0.52 $\pm$ 0.15,0.15437919047507598,"[0.517,0.529]",9.99990000099999e-06,0.001079989200107999,8
sub-06,2256,Superior parietal gyrus,Working Memory,conscious,conscious,0.62 $\pm$ 0.20,0.6025486342430365,"[0.614,0.631]",9.99990000099999e-06,0.001079989200107999,7
sub-06,2256,Superior frontal gyrus,Working Memory,conscious,conscious,0.54 $\pm$ 0.21,0.1663680110245716,"[0.527,0.544]",9.99990000099999e-06,0.001079989200107999,9
sub-06,2256,Middle fontal gyrus,Working Memory,conscious,conscious,0.64 $\pm$ 0.21,0.6654685562262073,"[0.629,0.646]",9.99990000099999e-06,0.001079989200107999,10
sub-06,2256,Inferior frontal gyrus,Working Memory,conscious,conscious,0.58 $\pm$ 0.19,0.4001064028520972,"[0.570,0.586]",9.99990000099999e-06,0.001079989200107999,11
sub-06,2304,Superior parietal gyrus,Working Memory,conscious,unconscious,0.55 $\pm$ 0.17,0.2931144001678196,"[0.543,0.557]",9.99990000099999e-06,0.001079989200107999,7
sub-06,2304,Superior frontal gyrus,Working Memory,conscious,unconscious,0.55 $\pm$ 0.15,0.33279273157286915,"[0.545,0.557]",9.99990000099999e-06,0.001079989200107999,9
sub-06,2304,Middle fontal gyrus,Working Memory,conscious,unconscious,0.55 $\pm$ 0.17,0.2917325633386681,"[0.542,0.555]",9.99990000099999e-06,0.001079989200107999,10
sub-06,2304,Inferior frontal gyrus,Working Memory,conscious,unconscious,0.55 $\pm$ 0.14,0.3545384876135441,"[0.544,0.556]",9.99990000099999e-06,0.001079989200107999,11
sub-06,2304,Superior parietal gyrus,Working Memory,unconscious,unconscious,0.52 $\pm$ 0.16,0.11658721041902416,"[0.512,0.526]",9.99990000099999e-06,0.001079989200107999,7
sub-06,2304,Superior frontal gyrus,Working Memory,unconscious,unconscious,0.54 $\pm$ 0.14,0.2542189506290611,"[0.531,0.543]",9.99990000099999e-06,0.001079989200107999,9
sub-06,2304,Middle fontal gyrus,Working Memory,unconscious,unconscious,0.52 $\pm$ 0.17,0.14189573624360047,"[0.517,0.531]",9.99990000099999e-06,0.001079989200107999,10
sub-06,2304,Inferior frontal gyrus,Working Memory,unconscious,unconscious,0.50 $\pm$ 0.17,0.02005579071216118,"[0.496,0.511]",0.1652383476165238,1.0,11
sub-07,1470,Pericalcarine cortex,Visual,conscious,conscious,0.59 $\pm$ 0.27,0.34888716571294454,"[0.581,0.609]",9.99990000099999e-06,0.001079989200107999,0
sub-07,1470,Lingual,Visual,conscious,conscious,0.64 $\pm$ 0.28,0.4926235853526342,"[0.624,0.653]",9.99990000099999e-06,0.001079989200107999,1
sub-07,1470,Lateral occipital cortex,Visual,conscious,conscious,0.74 $\pm$ 0.25,0.9542175043787664,"[0.724,0.749]",9.99990000099999e-06,0.001079989200107999,2
sub-07,1470,Fusiform gyrus,Visual,conscious,conscious,0.77 $\pm$ 0.25,1.0678990680932656,"[0.759,0.785]",9.99990000099999e-06,0.001079989200107999,3
sub-07,1470,Inferior temporal lobe,Visual,conscious,conscious,0.67 $\pm$ 0.27,0.6185888825292316,"[0.653,0.680]",9.99990000099999e-06,0.001079989200107999,4
sub-07,1470,Parahippocampal gyrus,Visual,conscious,conscious,0.69 $\pm$ 0.27,0.6844895102098055,"[0.672,0.700]",9.99990000099999e-06,0.001079989200107999,5
sub-07,1470,Precuneus,Visual,conscious,conscious,0.52 $\pm$ 0.28,0.08723537077735405,"[0.510,0.539]",0.0003399966000339,0.0367196328036612,6
sub-07,1470,Inferior parietal lobe,Visual,conscious,conscious,0.72 $\pm$ 0.22,1.0020488911998335,"[0.713,0.736]",9.99990000099999e-06,0.001079989200107999,8
sub-07,2304,Pericalcarine cortex,Visual,conscious,unconscious,0.49 $\pm$ 0.20,-0.035876302821739856,"[0.485,0.501]",0.957770422295777,1.0,0
sub-07,2304,Lingual,Visual,conscious,unconscious,0.56 $\pm$ 0.19,0.29968293392798456,"[0.549,0.565]",9.99990000099999e-06,0.001079989200107999,1
sub-07,2304,Lateral occipital cortex,Visual,conscious,unconscious,0.55 $\pm$ 0.19,0.2504141786750387,"[0.540,0.556]",9.99990000099999e-06,0.001079989200107999,2
sub-07,2304,Fusiform gyrus,Visual,conscious,unconscious,0.59 $\pm$ 0.19,0.46827640936271153,"[0.581,0.597]",9.99990000099999e-06,0.001079989200107999,3
sub-07,2304,Inferior temporal lobe,Visual,conscious,unconscious,0.51 $\pm$ 0.20,0.06795038974682759,"[0.505,0.522]",0.0006399936000639,0.0691193088069012,4
sub-07,2304,Parahippocampal gyrus,Visual,conscious,unconscious,0.51 $\pm$ 0.19,0.05450221794535296,"[0.503,0.518]",0.0044499555004449,0.48059519404804923,5
sub-07,2304,Precuneus,Visual,conscious,unconscious,0.53 $\pm$ 0.19,0.1819729678891086,"[0.527,0.543]",9.99990000099999e-06,0.001079989200107999,6
sub-07,2304,Inferior parietal lobe,Visual,conscious,unconscious,0.55 $\pm$ 0.21,0.21929367967740732,"[0.538,0.555]",9.99990000099999e-06,0.001079989200107999,8
sub-07,2304,Pericalcarine cortex,Visual,unconscious,unconscious,0.50 $\pm$ 0.20,0.0010727823599615228,"[0.492,0.509]",0.4790752092479075,1.0,0
sub-07,2304,Lingual,Visual,unconscious,unconscious,0.50 $\pm$ 0.19,0.020371198646409183,"[0.496,0.512]",0.1597984020159798,1.0,1
sub-07,2304,Lateral occipital cortex,Visual,unconscious,unconscious,0.49 $\pm$ 0.20,-0.03612146455191962,"[0.485,0.501]",0.957320426795732,1.0,2
sub-07,2304,Fusiform gyrus,Visual,unconscious,unconscious,0.50 $\pm$ 0.18,-0.020222210189625233,"[0.489,0.504]",0.8361016389836101,1.0,3
sub-07,2304,Inferior temporal lobe,Visual,unconscious,unconscious,0.52 $\pm$ 0.19,0.12892961535883196,"[0.517,0.532]",9.99990000099999e-06,0.001079989200107999,4
sub-07,2304,Parahippocampal gyrus,Visual,unconscious,unconscious,0.53 $\pm$ 0.18,0.1437757292113109,"[0.518,0.532]",9.99990000099999e-06,0.001079989200107999,5
sub-07,2304,Precuneus,Visual,unconscious,unconscious,0.49 $\pm$ 0.19,-0.0631253382092585,"[0.480,0.496]",0.998760012399876,1.0,6
sub-07,2304,Inferior parietal lobe,Visual,unconscious,unconscious,0.51 $\pm$ 0.18,0.04091000053305448,"[0.500,0.515]",0.0252397476025239,1.0,8
sub-07,1470,Superior parietal gyrus,Working Memory,conscious,conscious,0.61 $\pm$ 0.26,0.4409336803785016,"[0.600,0.626]",9.99990000099999e-06,0.001079989200107999,7
sub-07,1470,Superior frontal gyrus,Working Memory,conscious,conscious,0.61 $\pm$ 0.28,0.3926246308163747,"[0.595,0.624]",9.99990000099999e-06,0.001079989200107999,9
sub-07,1470,Middle fontal gyrus,Working Memory,conscious,conscious,0.44 $\pm$ 0.27,-0.2077632528584196,"[0.431,0.458]",1.0,1.0,10
sub-07,1470,Inferior frontal gyrus,Working Memory,conscious,conscious,0.54 $\pm$ 0.29,0.15456437720556152,"[0.530,0.559]",9.99990000099999e-06,0.001079989200107999,11
sub-07,2304,Superior parietal gyrus,Working Memory,conscious,unconscious,0.51 $\pm$ 0.21,0.03322807535203219,"[0.498,0.515]",0.0560894391056089,1.0,7
sub-07,2304,Superior frontal gyrus,Working Memory,conscious,unconscious,0.53 $\pm$ 0.21,0.15964583172092292,"[0.525,0.541]",9.99990000099999e-06,0.001079989200107999,9
sub-07,2304,Middle fontal gyrus,Working Memory,conscious,unconscious,0.57 $\pm$ 0.21,0.30437654586134966,"[0.556,0.574]",9.99990000099999e-06,0.001079989200107999,10
sub-07,2304,Inferior frontal gyrus,Working Memory,conscious,unconscious,0.58 $\pm$ 0.19,0.41446668733557407,"[0.572,0.587]",9.99990000099999e-06,0.001079989200107999,11
sub-07,2304,Superior parietal gyrus,Working Memory,unconscious,unconscious,0.52 $\pm$ 0.19,0.08366705325270102,"[0.508,0.524]",2.999970000299997e-05,0.003239967600323997,7
sub-07,2304,Superior frontal gyrus,Working Memory,unconscious,unconscious,0.49 $\pm$ 0.18,-0.07227085494846212,"[0.480,0.494]",0.999670003299967,1.0,9
sub-07,2304,Middle fontal gyrus,Working Memory,unconscious,unconscious,0.52 $\pm$ 0.19,0.10385212791993154,"[0.512,0.528]",9.99990000099999e-06,0.001079989200107999,10
sub-07,2304,Inferior frontal gyrus,Working Memory,unconscious,unconscious,0.54 $\pm$ 0.19,0.1901888664381922,"[0.529,0.544]",9.99990000099999e-06,0.001079989200107999,11
